Acetobacter	aceti	xylinum	30:239 (AL)	orthographically incorrect name	(Brown 1886) De Ley and Frateur 1974		1		783235	789888
Acetomicrobium	faecalis		38:136	orthographically incorrect name	Winter et al. 1988	nom. corrig. IJSB 48:1073*	1		783245	793305
Acidiphilium	aminolytica		44:182	orthographically incorrect name	Kishimoto et al. 1994	nom. corrig. IJSB 48:1073*	1		783266	772591
Acidiphilium	facilis		36:200*	orthographically incorrect name	Wichlacz et al. 1986	nom. corrig. IJSB 48:1073*	1		783269	783273
Actinobaculum	massiliae		56:2025	orthographically incorrect name	Greub and Raoult 2006		2		785515	785464
Aerococcus	sanguicola		51:478*	orthographically incorrect name	Lawson et al. 2001		1, +		783326	772879
Alkalibacterium	olivoapovliticus		51:1169*	orthographically incorrect name	Ntougias and Russell 2001		1		783347	773070
Anaerorhabdus	furcosus		36:573	orthographically incorrect name	(Veillon and Zuber 1898) Shah and Collins 1986		2		783372	783371
Anaerovibrio	lipolytica		30:250 (AL)	orthographically incorrect name	Hungate 1966		1		783373	773265
Anaplasma	phagocytophila		51:2158*	orthographically incorrect name	(Foggie 1949) Dumler et al. 2001		2, ht		783379	783380
Anoxybacillus	pushchinensis		50:2116*	orthographically incorrect name	Pikuta et al. 2000		1		783389	773291
Azospirillum	largomobile		47:915	orthographically incorrect name	(Skerman et al. 1983) Ben Dekhil et al. 1997		1		783408	773595
Bacillus	aneurinolyticus		44:146*	orthographically incorrect name	Shida et al. 1994		1		783418	773274
Bacillus	arsenicoselenatis		51:793	orthographically incorrect name	Switzer Blum et al. 2001		1		783419	788508
Bacillus	pallidus (illeg.)		58:2853*	sp. nov. (VP), illegitimate name	Zhou et al. 2008		1	CW 7, CCTCC AB 207188, KCTC 13200, LMG 24451	787653	788283
Bacillus	thermoantarcticus		52:3	orthographically incorrect name	Nicolaus et al. 2002		1		783436	789975
Bacteriolyticum			58:1208*	gen. nov. (VP), illegitimate name	Piñeiro et al. 2008	The name is illegitimate, as the type species of <i>Bacteriovorax</i>,<i>Bacteriovorax stolpii</i>, cannot be designated as the type species of another genus (Bacteriological Code, Principle 1, Rule 15, Rule 37a and Rule 51b (1))			517790	516976
Bacteriolyticum	stolpii		58:1208*	comb. nov. (VP), illegitimate name	(Seidler et al. 1972) Piñeiro et al. 2008	The name is illegitimate, as the type species of <i>Bacteriovorax</i>, <i>Bacteriovorax stolpii</i>, cannot be designated as a type species to another genus (Bacteriological Code, Principle 1, Rule 15, Rule 37a and Rule 51b (1) )	1	Uki2, ATCC 27052, DSM 12778, DSM 50722	787331	773917
Bacteroides	tectum		36:123*	orthographically incorrect name	Love et al. 1986	nom. corrig. IJSB 48:1073*	2, t		783467	773970
Bartonella	schoenbuchii		51:1563*	orthographically incorrect name	Dehio et al. 2001		2, Z		783489	773985
Beneckea	nereida		30:655*	orthographically incorrect name	Harwood et al. 1980		1		783500	785162
Beneckea	nigrapulchrituda		30:263 (AL)	orthographically incorrect name	Baumann et al. 1971		1		783502	785163
Bifidobacterium	thermophilium		30:265 (AL)	orthographically incorrect name	Mitsuoka 1969	nom. corrig.: IJSB 34:508* but misspelling is retained in AL amended edition 1989	1		783509	774064
Brevibacterium	lutescens		53:1324*	orthographically incorrect name	Wauters et al. 2003		1, +		774221	774220
Brevibacterium	vitaeruminis		30:269 (AL)	orthographically incorrect name	(Bechdel et al. 1928) Breed 1957	correction of species epithet <I>vitarumen</I> to <I>vitaeruminis</I> according to correction of <I>Corynebacterium vitaeruminis</I> has never  been formally proposed	1		783560	775268
Bryantella			54:1	gen. nov. (VL), illegitimate name	Wolin et al. 2004	illegitimate name because it is a later homonym of <I>Bryantella</I> Chickering, 1946 (Animalia, Arthropoda, Arachnida, Araneae, Salticidae, Dendryphantinae, Dendryphantini) and a later homonym of <I>Bryantella</I> Britton, 1957 (Animalia, Arthropoda, Sca			515276	517769
Bryantella	formatexigens		54:1	sp. nov. (VL), illegitimate name	Wolin et al. 2004	illegitimate name because the generic name <I>Bryantella</I> Wolin et al. 2004 is illegitimate (see there)	1	CCUG 46960, DSM 14469, I-52	774259	787817
Capsularis	zoogleiformans		30:271 (AL)	orthographically incorrect name	(Weinberg et al. 1937) Prévot 1938		2, ht		783605	784687
Carboxydobrachium			51:146*	orthographically incorrect name	Sokolova et al. 2001				517196	515289
Carboxydobrachium	pacificum		51:147*	orthographically incorrect name	Sokolova et al. 2001		1		783607	774334
Caulobacter	leidyia		30:272 (AL)	orthographically incorrect name	Poindexter 1964		1		783613	790348
Citrobacter	diversus		30:276 (AL)	species (AL), rejected name, heterotypic syn.	(Burkey 1928) Werkman and Gillen 1932	opinion 67, IJSB 43:392*	2	ATCC 27156, CIP 82.94, DSM 4570	774745	774752
Clavibacter	iranicum		34:113*	orthographically incorrect name	(Carlson and Vidaver 1982) Davis et al. 1984	nom. corrig.	1, p		783644	780338
Clavibacter	michiganense		34:113*	orthographically incorrect name	(Smith 1910) Davis et al. 1984	nom. corrig.	1, p2		783645	774773
Clavibacter	michiganense	insidiosum	34:113*	orthographically incorrect name	(McCulloch 1925) Davis et al. 1984	nom. corrig.	1, p2		783646	774772
Clavibacter	michiganense	michiganense	34:113*	orthographically incorrect name	(Smith 1910) Davis et al. 1984	nom. corrig.	1, p2		783647	774773
Clavibacter	michiganense	nebraskense	34:113*	orthographically incorrect name	(Vidaver and Mandel 1974) Davis et al. 1984	nom. corrig.	1, p		783648	774774
Clavibacter	michiganense	sepedonicum	34:113*	orthographically incorrect name	(Spieckermann and Kotthoff 1914) Davis et al. 1984	nom. corrig.	1, p2		783649	774775
Clavibacter	michiganense	tessellarius	34:113*	orthographically incorrect name	(Carlson and Vidaver 1982) Davis et al. 1984	nom. corrig.	1, p		783650	774776
Clostridium	acidiurici		30:277 (AL)	orthographically incorrect name	(Liebert 1909) Barker 1938		1	9a, ATCC 7906, DSM 604	783655	795690
Clostridium	barati		30:277 (AL)	orthographically incorrect name	(Prévot 1938) Holdeman and Moore 1970		2, Z		783658	774832
Clostridium	clostridiiforme		30:278 (AL)	orthographically incorrect name	(Burri and Ankersmit 1906) Kaneuchi et al. 1976		2		783662	774857
Clostridium	fervidus		37:123*	orthographically incorrect name	Patel et al. 1987	nom. corrig. IJSB 48:1073*	1		774877	774359
Clostridium	formicoaceticum		30:279 (AL)	orthographically incorrect name	Andreesen et al. 1970		1		783665	774881
Clostridium	ghoni		30:279 (AL)	orthographically incorrect name	Prévot 1938		2		774885	793947
Clostridium	intestinalis		39:335*	orthographically incorrect name	Lee et al. 1989	nom. corrig. IJSB 48:1074*	1		783667	774903
Clostridium	irregularis		30:280 (AL)	orthographically incorrect name	(Choukevitch 1911) Prévot 1938		1		783668	791851
Clostridium	maximum		66:1012*	comb. nov. (VP), illegitimate name	(Lindner 1888) Lawson and Rainey 2016	illegitimate name (IJSEM 66:4890 – 4894, Taxonomic Note by B. Tindall)	1	K66, ATCC 33910, IMET B 103, DSM 316	793808	780788
Clostridium	purinolyticum		31:192*	orthographically incorrect name	Dürre et al. 1981		1		783672	795691
Clostridium	putrificum		30:282 (AL)	species (AL), rejected name	(Trevisan 1889) Reddish and Rettger 1922	<i>nomen periculosum</i>, Opinion 69; IJSB 45:339	2	ATCC 25784, DSM 1734, NCIB 10677	774963	774963
Clostridium	sardiniensis		30:282 (AL)	orthographically incorrect name	Prévot 1938		2		783673	774976
Clostridium	sartagoformum		30:283 (AL)	orthographically incorrect name	Partansky and Henry 1935		1, +		783674	774977
Clostridium	thermoaceticum		30:284 (AL)	orthographically incorrect name	Fontaine et al. 1942		1		783676	778305
Clostridium	thermoautotrophicum		32:384	orthographically incorrect name	Wiegel et al. 1982		1		783677	778306
Clostridium	thermosulfurogenes		33:896	orthographically incorrect name	Schink and Zeikus 1983		1		783679	782527
Clostridium	ventriculi		66:1013*	comb. nov. (VP), illegitimate name	(Goodsir 1842) Lawson and Rainey 2016	illegitimate name (IJSEM 66:4890- 4894, Taxonomic Note by B. Tindall)	1	ATCC 19633, ATCC 29068, BCRC 15563, DSM 286, NCTC 12966	793811	780795
Colwellia	psychroerythrus		38:328	orthographically incorrect name	(ex D'Aoust and Kushner 1972) Deming et al. 1988	nom. corrig. IJSB 48:1073*	1		783685	775071
Corynebacterium	tuscaniae		56:2025	orthographically incorrect name	Riegel et al. 2006		1, +		785498	785465
Corynebacterium	variabilis		37:287*	orthographically incorrect name	(Müller 1961) Collins 1987	nom. corrig. IJSB 48:1073*	1		783701	775267
Cyclobacterium	marinus		40:346*	orthographically incorrect name	(Raj 1976) Raj and Maloy 1990		1		783718	775347
Defluvibacter	lusatiae		49:1325	orthographically incorrect name	Fritsche et al. 1999	nom. corrig.: IJSB 49:1325	1		783723	788110
Defluvicoccus			55:2109*	orthographically incorrect name	Maszenan et al. 2005				517218	515477
Defluvicoccus	vanus		55:2109*	orthographically incorrect name	Maszenan et al. 2005		1		783724	775448
Desulfobacter	giganteus		38:328	orthographically incorrect name	Esnault et al. 1988	error in List No 26; should read Desulfovibrio	1	8601, DSM 4123	783729	775681
Desulfomicrobium	baculatus		44:370	orthographically incorrect name	(Rozanova and Nazina 1984) Rozanova et al. 1994	nom. corrig. IJSB 48:1073*	1		783730	775583
Desulforhabdus	amnigenus		47:1274	orthographically incorrect name	Oude Elferink et al. 1997		1		783732	775604
Desulfosarcina	cetonicum		56:2	orthographically incorrect name	(Galushko and Rozanova 1994) Kuever et al. 2006		1		783733	775608
Desulfovibrio	alcoholovorans		45:879	orthographically incorrect name	Qatibi et al. 1995	nom. corrig.: IJSB 49:639*	1		783736	775656
Desulfovibrio	fructosovorans		40:105	orthographically incorrect name	Ollivier et al. 1990	nom. corrig.: IJSB 49:639*	1		783739	775679
Dictyoglomus	turgidus		45:879	orthographically incorrect name	Svetlichny and Svetlichnayà 1995	nom. corrig. IJSB 48:1073*	1		783745	775775
Edwardsiella	anguillimortifera		30:292 (AL)	species (AL), illegitimate name, homotypic syn.	(Hoshina 1962) Sakazaki and Tamura 1975	Type (description and illustration by Hoshina (1962) not the same as of <i>Edwardsiella tarda</i>; illegitimate name (IJSEM 66:4910-4912, Taxonomic Note by B. Tindall)	2, ht	ATCC 15947	783754	775882
Erwinia	persicinus		40:382*	orthographically incorrect name	Hao et al. 1990	nom. corrig. IJSB 48:1073*	1, p		783801	783800
Filobacillus	milensis		51:430*	orthographically incorrect name	Schlesner et al. 2001		1		783839	776205
Flavobacterium	halmephilium		30:300 (AL)	orthographically incorrect name	Elazari-Volcani 1940	name corrected IJSB 34:509* but misspelling retained in AL amended edition 1989	1		783848	776766
Frondicola			57:1181*	gen. nov. (VP), illegitimate name	Zhang et al. 2007				517576	517840
Frondicola	australicus		57:1181*	sp. nov. (VP), illegitimate name	Zhang et al. 2007		1	E1HC-02, JCM 13598, DSM 17894	786359	787711
Fusobacterium	plauti		30:303 (AL)	orthographically incorrect name	Seguin 1928		1	ATCC 29863, DSM 4000	783886	788422
Goodfellowia			56:1205*	gen. nov. (VP), illegitimate name	Labeda and Kroppenstedt 2006	the name is illegitimate because it is a later homonym of the  bird genus <i>Goodfellowia</i> Hartert 1903			515718	517776
Goodfellowia	coeruleoviolacea		56:1206*	comb. nov. (VP), illegitimate name, homotypic syn.	(Preobrazhenskaya and Therekova 1987) Labeda and Kroppenstedt 2006		1	DSM 43935, INA 3564, JCM 9110, NBRC 14988, NRRL B-24058, VKM Ac-1083	776572	787292
Gordona			39:371	orthographically incorrect name	(ex Tsukamura) Stackebrandt et al. 1989	nom. corrig.: IJSB 47:485*			515719	515720
Gordona	aichiensis		44:772*	orthographically incorrect name	(Tsukamura 1983) Klatte et al. 1994	nom. corrig.: IJSB 47:485*	2		783917	776577
Gordona	amarae		44:771*	orthographically incorrect name	(Lechevalier and Lechevalier 1974) Klatte et al. 1994	nom. corrig.: IJSB 47:485*	1		783918	776579
Gordona	bronchialis		39:371	orthographically incorrect name	(Tsukamura 1971) Stackebrandt et al. 1989	nom. corrig.: IJSB 47:485*	2		783919	776583
Gordona	hirsuta		46:879*	orthographically incorrect name	Klatte et al. 1996	nom. corrig.: IJSB 47:485*	1		783920	776587
Gordona	hydrophobica		45:547*	orthographically incorrect name	Bendinger et al. 1995	nom. corrig.: IJSB 47:485*	1		783921	776588
Gordona	rubropertinctus		39:371	orthographically incorrect name	(Hefferan 1904) Stackebrandt et al. 1989	nom. corrig.: IJSB 47:485*	1		783922	776598
Gordona	sputi		39:371	orthographically incorrect name	(Tsukamura 1978) Stackebrandt et al. 1989 emend. Riegel et al. 1994	nom. corrig.: IJSB 47:485*	2		783923	776603
Gordona	terrae		39:371	orthographically incorrect name	(Tsukamura 1971) Stackebrandt et al. 1989	nom. corrig.: IJSB 47:485*	2		783924	776604
Gordonia	rubropertinctus		39:371	orthographically incorrect name	(Hefferan 1904) Stackebrandt et al. 1989	nom. corrig. IJSB 48:1073*	1		783925	776598
Halobacterium	salinarium		30:307 (AL)	orthographically incorrect name	(Harrison and Kennedy 1922) Elazari-Volcani 1957	nom. corrig.: IJSB 46:347*	1	ATCC 33171, DSM 3754, NCMB 764, NRC 34002	783961	776711
Haloincola	saccharolytica		42:511	orthographically incorrect name	Zhilina et al. 1992	nom. corrig. IJSB 48:1073*	1		783966	776665
Haloincola	saccharolytica	saccharolytica	42:511	orthographically incorrect name	Zhilina et al. 1992 emend. Cayol et al. 1994	nom. corrig. IJSB 48:1073*	1		783967	776665
Haloincola	saccharolytica	senegalensis	44:810*	orthographically incorrect name	Cayol et al. 1994	nom. corrig. IJSB 48:1073*	1		783968	776666
Halomonas	marisflavae		51:1176*	orthographically incorrect name	Yoon et al. 2001		1		783973	787716
Halomonas	pantelleriense		47:601	orthographically incorrect name	Romano et al. 1997	nom. corrig. IJSB 48:1073*	1		783974	776783
Halomonas	variabilis		46:556*	comb. nov. (VP), rejected name, homotypic syn.	(Fendrich 1989) Dobson and Franzmann 1996	rejection: (Opinion 93., Judicial Commission of the International Committee on Systematics of Prokaryotes, IJSEM 64:3588-3589)	1	DSM 3051, III	776789	776833
Halorubrobacterium	coriensis		46:625	orthographically incorrect name	Kamekura and Dyall-Smith 1996	name corrected on the occasion of validation	1		783975	776808
Hyphomicrobium	facilis		39:495	orthographically incorrect name	Hirsch 1989	nom. corrig. IJSB 48:1073*	1		784031	784028
Hyphomicrobium	facilis	facilis	39:495	orthographically incorrect name	Hirsch 1989	nom. corrig. IJSB 48:1073*	1		784032	776973
Hyphomicrobium	facilis	tolerans	39:495	orthographically incorrect name	Hirsch 1989	nom. corrig. IJSB 48:1073*	1		784033	784029
Hyphomicrobium	facilis	ureaphilum	39:495	orthographically incorrect name	Hirsch 1989	nom. corrig. IJSB 48:1073*	1		776974	784030
Ketogulonigenium			51:1068*	orthographically incorrect name	Urbance et al. 2001				517259	517258
Ketogulonigenium	robustum		51:1069*	orthographically incorrect name	Urbance et al. 2001		1		784045	784043
Ketogulonigenium	vulgare		51:1069*	orthographically incorrect name	Urbance et al. 2001		1		784046	784044
Kitasatosporia			33:672	orthographically incorrect name	Omura et al. 1983				515889	517119
Kitasatosporia	cystarginea		42:327	orthographically incorrect name	Kusakabe and Isono 1992	nom. corrig.	1		777137	777120
Kitasatosporia	griseola		35:535	orthographically incorrect name	Takahashi et al. 1985	nom. corrig.	1		777138	777122
Kitasatosporia	mediocidica		38:287*	orthographically incorrect name	Labeda 1988	nom. corrig.	1		777140	777124
Kitasatosporia	phosalacinea		35:535	orthographically incorrect name	Takahashi et al. 1985	nom. corrig.	1		777143	781936
Kitasatosporia	setae		33:672; 35:221*	orthographically incorrect name	Omura et al. 1983	nom. corrig.	1		777144	777133
Klebsiella	mobilis		30:309 (AL)	species (AL), illegitimate name, homotypic syn.	Bascomb et al. 1971	illegitimacy: IJSEM 67:502-4*	2, ht	ATCC 13048	784051	777146
Lactobacillus	rossii		55:39*	orthographically incorrect name	Corsetti et al. 2005		1		784068	777385
Legionella	bozemanii		30:676	orthographically incorrect name	Brenner et al. 1980		2		784085	776305
Megamonas	hypermegas		33:438	orthographically incorrect name	(Harrison and Hansen 1963) Shah and Collins 1983	nom. corrig. IJSB 48:1073*	1		784191	777743
Melisococcus			33:672	orthographically incorrect name	Bailey and Collins 1983	should read MELISSOCOCCUS in Validation List No. 11			517274	517275
Melisococcus	plutonis		33:672	orthographically incorrect name	(ex White 1912) Bailey and Collins 1983	should read Melissococcus pluton in Validation List No. 11	1		784192	784194
Methanobacterium	thermoaggregans		38:221	orthographically incorrect name	Blotevogel and Fischer 1988		1		777806	777803
Methanobacterium	thermoalcaliphilum		38:220	orthographically incorrect name	Blotevogel et al. 1988		1		777807	777945
Methanobacterium	thermoautotrophicum		30:318 (AL)	orthographically incorrect name	Zeikus and Wolfe 1972		1		777809	777945
Methanoculleus	bourgense		40:121*	orthographically incorrect name	(Ollivier et al. 1986) Maestrojuán et al. 1990	nom. corrig. IJSB 48:1073*	1		784212	777866
Methanoculleus	thermophilicus		40:121*	orthographically incorrect name	(Rivard and Smith 1982) Maestrojuán et al. 1990		1		784213	777875
Methanohalobium	evestigatus		38:136	orthographically incorrect name	Zhilina and Zavarzin 1988	nom. corrig. IJSB 48:1073*	1		784215	777893
Methanohalophilus	oregonense		40:115*	orthographically incorrect name	Liu et al. 1990		1		784216	777905
Methanomicrococcus			50:1998*	orthographically incorrect name	Sprenger et al. 2000				517277	517063
Methanomicrococcus	blatticola		50:1998*	orthographically incorrect name	Sprenger et al. 2000		1		784217	777785
Methanosaeta	thermophila		42:465*	comb. nov. (VP), rejected name	(Kamagata et al. 1992) Boone and Kamagata 1998	The name has been placed on the Lists of Rejected Names (<i>nomina rejicienda</i>). Supplementary information to Opinion 75, Judicial Commission of the International Committee on Systematics of Prokaryotes, IJSEM 64:3597-3598*)	1	PT, DSM 6194, NBRC 101360	787452	777956
Methanosarcina	methanica		30:318 (AL)	species (AL), rejected name	(Smit 1930) Kluyver and van Niel 1936	rejected name, <i>nomen dubium et confusum</i> Opinion IJSB 36:492*, see also IJSB 36:357*	1	not cultivated	784218	784218
Methanospirillum	hungatii		30:318 (AL)	orthographically incorrect name	Ferry et al. 1974		1	ATCC 27890	777942	777941
Methanothermobacter	wolfei		50:51*	orthographically incorrect name	(Winter et al. 1985) Wasserfallen et al. 2000		1		784219	777948
Methanothrix	thermophila		42:465*	sp. nov. (VP), rejected name, homotypic syn.	Kamagata et al. 1992	The name has been placed on the Lists of Rejected Names (<i>nomina rejicienda</i>). Supplementary information to Opinion 75, Judicial Commission of the International Committee on Systematics of Prokaryotes, IJSEM 64:3597-3598*)	1	DSM 6194, PT	777957	777956
Methylothermus	subterraneus		61:2652*	sp. nov. (VP), illegitimate name	Hirayama et al. 2011	name is illegitimate as the genus <i>Methylothermus</i> Tsubota et al. 2005 is illegitimate	1	HTM55, DSM 19750, JCM 13664	789549	
Methylothermus	thermalis		55:1883*	sp. nov. (VP), illegitimate name	Tsubota et al. 2005	illegitimate name as the strain is not freely available	1	IPOD FERM P-19714, MYHT, VKM B-2345	784259	
Micromonas			50:1415	gen. nov. (VL), illegitimate name	Murdoch and Shah 2000				516091	517468
Micromonas	micros		50:1415	comb. nov. (VL), illegitimate name, homotypic syn.	(Prévot 1933) Murdoch and Shah 2000		2, ht	ATCC 33270, DSM 20468, GIFU 7824, NCTC 11808, VPI 5464	778154	785693
Microsphaera			46:524*	gen. nov. (VP), illegitimate name	Yoshimi et al. 1996				516097	516149
Microsphaera	multipartita		46:524*	sp. nov. (VP), illegitimate name	Yoshimi et al.1996		1	DSM 44233, JCM 9543, Y-104	778237	778575
Mitsuokella	multiacidus		33:438	orthographically incorrect name	(Mitsuoka et al. 1974) Shah and Collins 1983	nom. corrig. IJSB 48:1073*	2		784271	778274
Mycoplasma	haemosuis		52:683*	nom. nov. (VP), illegitimate name	Neimark et al. 2002		2, t	no culture isolated	784381	784441
Mycoplasma	phocacerebrale		41:43*	orthographically incorrect name	Giebel et al. 1991		2, t		784420	784423
Mycoplasma	phocarhinis		41:43*	orthographically incorrect name	Giebel et al. 1991		2, t		784422	784425
Natrialba	aegyptiaca		51:1140*	orthographically incorrect name	Hezayen et al. 2001		1		784451	778583
Nocardia	sulphurea		38:220	sp. nov. (VL), illegitimate name, heterotypic syn.	Goodfellow and Lechevalier 1988	"Error in Validition List No 25; the name ""Nocardia sulphurea"" Oliver and Sinclair 1964 has been published in a patent and is therefore not effectively published"	1	ATCC 27624	778790	773228
Nocardioides	fastidiosa		39:371	orthographically incorrect name	Collins and Stackebrandt 1989	nom. corrig. IJSB 48:1073*	1		784501	772886
Nocardiopsis	compostus		52:627*	orthographically incorrect name	Kämpfer et al. 2002		1		784507	778851
Nonomuraea	dietzii		51:1439*	orthographically incorrect name	Stackebrandt et al. 2001		1		784510	778889
Nonomuria			48:419*	orthographically incorrect name	Zhang et al. 1998	nom. corrig.			516186	516185
Nonomuria	africana		48:419*	orthographically incorrect name	(Preobrazhenskaya and Sveshnikova 1974) Zhang et al. 1998	nom. corrig.	1		784511	778885
Nonomuria	angiospora		48:419*	orthographically incorrect name	(Zhukova et al. 1968) Zhang et al. 1998	nom. corrig.	1		784512	778886
Nonomuria	fastidiosa		48:419*	orthographically incorrect name	(Soina et al. 1975) Zhang et al. 1998	nom. corrig.	1		784513	778890
Nonomuria	ferruginea		48:419*	orthographically incorrect name	(Meyer 1981) Zhang et al. 1998	nom. corrig.	1		784514	778891
Nonomuria	flexuosa		48:420*	orthographically incorrect name	(Meyer 1989) Zhang et al. 1998	nom. corrig.	1		778910	782623
Nonomuria	helvata		48:419*	orthographically incorrect name	(Nonomura and Ohara 1971) Zhang et al. 1998	nom. corrig.	1		784515	778893
Nonomuria	polychroma		48:419*	orthographically incorrect name	(Galatenko et al. 1987) Zhang et al. 1998	nom. corrig.	1		784516	778897
Nonomuria	pusilla		48:419*	orthographically incorrect name	(Nonomura and Ohara 1971) Zhang et al. 1998	nom. corrig.	1		784517	778898
Nonomuria	recticatena		48:419*	orthographically incorrect name	(Terekhova et al. 1987) Zhang et al. 1998	nom. corrig.	1		784518	778899
Nonomuria	roseola		48:420*	orthographically incorrect name	(Lavrova and Preobrazhenskaya 1975) Zhang et al. 1998	nom. corrig.	1		784519	778900
Nonomuria	roseoviolacea		48:420*	orthographically incorrect name	(Nonomura and Ohara 1971) Zhang et al. 1998	nom. corrig.	1		784520	787818
Nonomuria	rubra		48:420*	orthographically incorrect name	(Sveshnikova et al. 1969) Zhang et al. 1998	nom. corrig.	1		784521	778904
Nonomuria	salmonea		48:420*	orthographically incorrect name	(Preobrazhenskaya et al. 1975) Zhang et al. 1998	nom. corrig.	1		784522	778905
Nonomuria	spiralis		48:420*	orthographically incorrect name	(Meyer 1981) Zhang et al. 1998	nom. corrig.	1		784523	778907
Nonomuria	turkmeniaca		48:420*	orthographically incorrect name	(Terekhova et al. 1987) Zhang et al. 1998	nom. corrig.	1		784524	778909
Novosphingobium	aromaticivorum		51:1415*	orthographically incorrect name	(Balkwill et al. 1997) Takeuchi et al. 2001		1		784525	778912
Novosphingobium	roseae		51:1415*	orthographically incorrect name	(Takeuchi et al. 1995) Takeuchi et al. 2001		1		784526	778917
Novosphingobium	stygiae		51:1415*	orthographically incorrect name	(Balkwill et al. 1997) Takeuchi et al. 2001		1		784527	778918
Novosphingobium	subterraneae		51:1415*	orthographically incorrect name	(Balkwill et al. 1997) Takeuchi et al. 2001		1		784528	778920
Oceanomonas			51:71*	orthographically incorrect name	Brown et al. 2001				516198	516193
Oceanomonas	baumannii		51:71*	orthographically incorrect name	Brown et al. 2001		1		784532	778929
Oceanomonas	doudoroffii		51:71*	orthographically incorrect name	(Baumann et al. 1972) Brown et al. 2001		1		784533	778930
Paenibacillus	durum		44:824*; 47:569*	orthographically incorrect name	(Smith and Cato 1974) Collins et al. 1994	nom. corrig. IJSB 48:1073*	1		784553	779063
Pasteurella	bettii		40:151*	orthographically incorrect name	Sneath and Stevens 1990		2		784578	784579
Pasteurella	gallicida		30:340 (AL)	species (AL), rejected name, homotypic syn.	(Burrill 1883) Buchanan 1925	rejected name IJSB 35:538*	2	NCTC 10322, DSM 16031	784582	779182
Pasteurella	mairi		40:152*	orthographically incorrect name	Sneath and Stevens 1990		2, t		784588	779181
Pectobacterium	cacticidum		49:1	orthographically incorrect name	Hauben et al. 1999		1, p		784603	784602
Pelczaria			44:182	gen. nov. (VL), rejected name	Poston 1994	incertae sedis 10			516278	
Pelczaria	aurantia		44:182	sp. nov. (VL), rejected name	Poston 1994		1	ATCC 49321, DSM 12801	779237	779237
Pelotomaculum	isophthalicum		56:2026*	orthographically incorrect name	Qiu et al. 2006		1		785514	785477
Pelotomaculum	terephthalicum		56:2026*	orthographically incorrect name	Qiu et al. 2006		1		785513	785511
Pirella			34:494*	gen. nov. (VP), illegitimate name	Schlesner and Hirsch 1984				516340	516341
Pirella	marina		37:179	sp. nov. (VL), illegitimate name	Schlesner 1987		1	DSM 3645, IFAM 1313	779636	774093
Pirella	staleyi		34:495:*	sp. nov. (VP), illegitimate name	Schlesner and Hirsch 1984		1	ATCC 27377, DSM 940	779637	779640
Prevotella	oulora		40:207*	orthographically incorrect name	(Shah et al. 1985) Shah and Collins 1990		1		784679	784680
Propionibacterium	propionicus		38:354*	orthographically incorrect name	(Buchanan and Pine 1962) Charfreitag et al. 1988		2		784696	794764
Pseudomonas	straminae		30:354 (AL)	orthographically incorrect name	Iizuka and Komagata 1963		1		784737	780133
Quadricoccus			52:227*	gen. nov. (VP), illegitimate name	Maszenan et al. 2002				517322	517469
Quadricoccus	australiensis		52:227*	sp. nov. (VP), illegitimate name, homotypic syn.	Maszenan et al. 2002		1	Ben 117, CIP 107055, NCIMB 13738	784753	785694
Ralstonia	mannitolytica		51:556*	orthographically incorrect name	De Baere et al. 2001		2		784755	780316
Reichenbachia			53:82*	gen. nov. (VP), illegitimate name	Nedashkovskaya et al. 2003				517324	517325
Reichenbachia	agariperforans		53:84*	sp. nov. (VP), illegitimate name	Nedashkovskaya et al. 2003		1	IFO 16625, JCM 11238, KMM 3525	784758	784759
Rhizomonas			40:186*	gen. nov. (VP), rejected name	van Bruggen et al. 1990	illegitimate genus name, later homonym of a protozoan genus <I>Rhizomonas</I>			516468	518520
Rhizomonas	suberifaciens		40:186*	sp. nov. (VP), illegitimate name, homotypic syn.	van Bruggen et al. 1990	illegitimate genus name, later homonym of a protozoan genus <I>Rhizomonas</I>, and should not be used	1, p	ATCC 49355, CA1, DSM 7465, NCPPB 3629	780389	791687
Roseomonas	rosea		59:1197*	comb. nov. (VP), illegitimate name	(Kämpfer et al. 2003) Sánchez-Porro et al. 2009	illegitimate name according to rule Rule 12b	1	173/96, CIP 107419, DSM 14916	787887	
Ruegeria	gelatinovora		49:2	orthographically incorrect name	(ex Ahrens 1968) Uchino et al. 1999		1		784831	782446
Saccharothrix	aerocolonigenes	staurosporeus	46:1189	orthographically incorrect name	Takahashi et al. 1996	nom. corrig. IJSB 48:1073*	1		784844	777489
Salipiger	mucescens		54:1739*	orthographically incorrect name	Martínez-Cánovas et al. 2004	The specific epithet <I>mucescens</I> has been corrected to <I>mucosus</I> in the Notification List (IJSEM 55, 3-5 (2005)).	1		780741	780742
Schineria			51:406*	gen. nov. (VP), illegitimate name, heterotypic syn.	Tóth et al. 2001				517504	516560
Schineria	larvae		51:406*	sp. nov. (VP), illegitimate name	Tóth et al. 2001		1	DSM 13226, L1/68, NCAIM B01938	785887	785886
Sinococcus			56:1191*	gen. nov. (VP), illegitimate name	Li et al. 2006				516603	517761
Sinococcus	qinghaiensis		56:1191*	sp. nov. (VP), illegitimate name	Li et al. 2006		1	DSM 17008, KCTC 3943, YIM 70212	780933	787195
Sinorhizobium	xinjiangensis		38:392*	orthographically incorrect name	Chen et al. 1988	nom. corrig. IJSB 48:1073*	1		784911	775921
Sphingobacterium	antarcticus		42:105*	orthographically incorrect name	Shivaji et al. 1992	nom. corrig. IJSB 48:1073*	1		784914	791641
Sphingobacterium	composti.		57:1593*	sp. nov. (VP), illegitimate name	Yoo et al. 2007	later homonym of <I>Sphingobacterium composti</I> Ten et al. 2007; illegitimate name, should not be used		4M24, KACC 11313, DSM 18850	786529	786529
Staphylococcus	capitis	ureolyticus	41:145*	orthographically incorrect name	Bannerman and Kloos 1991		1, +		784963	781173
Streptimonospora			51:362*	orthographically incorrect name	Cui et al. 2001				516685	516690
Streptimonospora	salina		51:362*	orthographically incorrect name	Cui et al. 2001		1		781289	781398
Streptococcus	difficile		45:197	orthographically incorrect name	Eldar et al. 1995	nom. corrig. IJSB 48:1073*	2, ht		784979	781297
Streptomyces	kashmirensis		41:456	orthographically incorrect name	(Gupta and Chopra 1963) Witt and Stackebrandt 1991	misprinted in List No. 38 as <I>kashmirensis</I> (sic) (has never been formally corrected); synonymy: IJSEM 53:1528*	1		785005	781808
Streptomyces	morookaensis		41:456	orthographically incorrect name	(Locci and Schofield 1989) Witt and Stackebrandt 1991		1		785007	781865
Streptomyces	rhizosphaerius		51:1619	orthographically incorrect name	Sembiring et al. 2001		1		785013	781980
Streptomyces	viridoflavum		41:457	orthographically incorrect name	(Locci and Schofield 1989) Witt and Stackebrandt 1991	nom. corrig. IJSB 48:1073*	1		785019	781906
Streptoverticillium	olivoreticulum		30:410 (AL)	orthographically incorrect name	(Arai et al. 1957) Baldacci et al. 1966		1	ATCC 23943, IMET 43690	785024	781400
Streptoverticillium	reticulum	protomycicum	39:496	subsp. nov., nom. rev. (VL), illegitimate name	(<I>ex</I> Sugawara et al. 1963) Locci and Schofield 1989	illegitimate name as the species name <i>Streptoverticillium reticulum</i> is not validly published			785027	785027
Streptoverticillium	verticillium	quintum	39:496	subsp. nov., nom. rev. (VL), illegitimate name	(ex Arai 1976) Locci and Schofield 1989	illegitimate name as the species name <i>Streptoverticillium verticillium</i> is not validly published		Okami MA-267-A1	785028	785028
Streptoverticillium	verticillium	tsukushiense	39:496	subsp. nov., nom. rev. (VL), illegitimate name	(<I>ex</I> Arai 1976) Locci and Schofield 1989	illegitimate name as the species name <i>Streptoverticillium verticillium</i> is not validly published		ATCC 21633	782257	782257
Sulfuriferula	plumbophilus		65:1507*	orthographically incorrect name	Watanabe et al. 2015			Gro7, NBRC 107929, DSM 6690	792816	794107
Tannerella	forsythensis		52:848*	orthographically incorrect name	(Tanner et al. 1986) Sakamoto et al. 2002	Maiden et al. (2003) propose to correct the specific epithet to 'forsythia' (Request for an Opinion)	2	ATCC 43037, FDC 338	785044	787491
Thermococcus	aegaeicus		50:2106*	orthographically incorrect name	Arab et al. 2000		1		785061	782550
Thermodesulfobacterium	mobile		41:179	comb. nov. (VL), illegitimate name	(Rozanova and Khudyakova 1974) Rozanova and Pivovarova 1991	illegitimate name: the genus name was not validated at that time and the specific epithet of the <I>Desulfovibrio</I> basonym was not retained	1	DSM 1276, VKM B-1128	782585	782587
Thermodesulforhabdus	norvegicus		46:625	orthographically incorrect name	Beeder et al. 1996		1		785065	782589
Thermus	profundus		45:197	orthographically incorrect name	Kobayashi et al. 1995	error in List No. 52, should read THERMOCOCCUS; correct entry in List No. 53 IJSB 45:418	1	DT 5432	785072	782568
Thialkalicoccus			50:2161*	orthographically incorrect name	Bryantseva et al. 2000	The original spelling of the name,  <I>Thioalkalicoccus</I> (sic), was corrected by the List Editor of the IJSEM to <i>Thialkalicoccus</i> (IJSEM 51:267). This correction was withdrawn following a decision of the Judicial Commission of the International C			517366	517367
Thialkalicoccus	limnaeus		50:2162*	orthographically incorrect name	Bryantseva et al. 2000	The original spelling of the genus name,  <I>Thioalkalicoccus</I> (sic), was corrected by the List Editor of the IJSEM to <i>Thialkalicoccus</i> (IJSEM 51:267). This correction was withdrawn following a decision of the Judicial Commission of the Internati	1		785073	785076
Thialkalimicrobium			51:576*	orthographically incorrect name	Sorokin et al. 2001 emend. Sorokin et al. 2002	The original spelling of the name,  <I>Thioalkalimicrobium</I> (sic), was corrected by the List Editor of the IJSEM to <i>Thialkalimicrobium</i> (IJSEM 51:796). This correction was withdrawn following a decision of the Judicial Commission of the Internati			516812	516816
Thialkalimicrobium	aerophilum		51:578*	orthographically incorrect name	Sorokin et al. 2001	The original spelling of the genus name,  <I>Thioalkalimicrobium</I> (sic), was corrected by the List Editor of the IJSEM to <i>Thialkalimicrobium</i> (IJSEM 51:796). This correction was withdrawn following a decision of the Judicial Commission of the Int	1		782673	795243
Thialkalimicrobium	cyclicum		52:919*	orthographically incorrect name	Sorokin et al. 2002	The original spelling of the genus name,  <I>Thioalkalimicrobium</I> (sic), was corrected by the List Editor of the IJSEM to <i>Thialkalimicrobium</i> (IJSEM 51:796). This correction was withdrawn following a decision of the Judicial Commission of the Int	1		782674	795244
Thialkalimicrobium	sibiricum		51:578*	orthographically incorrect name	Sorokin et al. 2001	The original spelling of the genus name,  <I>Thioalkalimicrobium</I> (sic), was corrected by the List Editor of the IJSEM to <i>Thialkalimicrobium</i> (IJSEM 51:796). This correction was withdrawn following a decision of the Judicial Commission of the Int	1		782675	795247
Thialkalivibrio			51:578*	orthographically incorrect name	Sorokin et al. 2001	The original spelling of the name,  <I>Thioalkalivibrio</I> (sic )was corrected by the List Editor of the IJSEM to <i>Thialkalivibrio</i> (IJSEM 51:796). This correction was withdrawn following a decision of the Judicial Commission of the International Co			516813	516818
Thialkalivibrio	denitrificans		51:579*	orthographically incorrect name	Sorokin et al. 2001	The original spelling of the genus name,  <I>Thioalkalivibrio</I> (sic), was corrected by the List Editor of the IJSEM to <i>Thialkalivibrio</i> (IJSEM 51:796). This correction was withdrawn following a decision of the Judicial Commission of the Internati	1		782676	782693
Thialkalivibrio	halophilus		55:548	orthographically incorrect name	Banciu et al. 2005	The original spelling of the genus name,  <I>Thioalkalivibrio</I> (sic), was corrected by the List Editor of the IJSEM to <i>Thialkalivibrio</i> (IJSEM 51:796). This correction was withdrawn following a decision of the Judicial Commission of the Internati	1		785074	782694
Thialkalivibrio	jannaschii		52:919*	orthographically incorrect name	Sorokin et al. 2002	The original spelling of the genus name,  <I>Thioalkalivibrio</I> (sic), was corrected by the List Editor of the IJSEM to <i>Thialkalivibrio</i> (IJSEM 51:796). This correction was withdrawn following a decision of the Judicial Commission of the Internati	1		782677	782695
Thialkalivibrio	nitratireducens		53:1783*	orthographically incorrect name	Sorokin et al. 2003	The original spelling of the genus name,  <I>Thioalkalivibrio</I> (sic), was corrected by the List Editor of the IJSEM to <i>Thialkalivibrio</i> (IJSEM 51:796). This correction was withdrawn following a decision of the Judicial Commission of the Internati	1	ALEN 2, DSM 14787, UNIQEM 213	782678	782696
Thialkalivibrio	nitratis		51:579*	orthographically incorrect name	Sorokin et al. 2001	The original spelling of the genus name,  <I>Thioalkalivibrio</I> (sic), was corrected by the List Editor of the IJSEM to <i>Thialkalivibrio</i> (IJSEM 50:796). This correction was withdrawn following a decision of the Judicial Commission of the Internati	1		782679	782697
Thialkalivibrio	paradoxus		52:663*	orthographically incorrect name	Sorokin et al. 2002	The original spelling of the genus name,  <I>Thioalkalivibrio</I> (sic), was corrected by the List Editor of the IJSEM to <i>Thialkalivibrio</i> (IJSEM 51:796). This correction was withdrawn following a decision of the Judicial Commission of the Internati	1		782680	782698
Thialkalivibrio	thiocyanoxidans		52:663*	orthographically incorrect name	Sorokin et al. 2002	The original spelling of the genus name,  <I>Thioalkalivibrio</I> (sic), was corrected by the List Editor of the IJSEM to <i>Thialkalivibrio</i> (IJSEM 51:796). This correction was withdrawn following a decision of the Judicial Commission of the Internati	1		782681	782701
Thialkalivibrio	versutus		51:579*	orthographically incorrect name	Sorokin et al. 2001	The original spelling of the genus name,  <I>Thioalkalivibrio</I> (sic), was corrected by the List Editor of the IJSEM to <i>Thialkalivibrio</i> (IJSEM 51:796). This correction was withdrawn following a decision of the Judicial Commission of the Internati	1		782682	782702
Thiorhodococcus	minus		48:328	orthographically incorrect name	Guyoneaud et al. 1998	nom. corrig.: IJSB 48:1131	1		785093	782770
Tsukamurella	paurometabolum		38:385*	orthographically incorrect name	(Steinhaus 1941) Collins et al. 1988	nom. corrig. IJSB 48:1073*	1, +		785129	782889
Tsukamurella	strandjordae		52:1075	orthographically incorrect name	Kattar et al. 2002		1		785130	782895
Verticia			65:3682*	gen. nov. (NVP), illegitimate name, homotypic syn.	Vandamme et al. 2015	the name is a later homonym of the insect genus name <i>Verticia</i> Malloch 1927 and therefore illegitimate			518794	519101
Verticia	sediminum		65:3682*	comb. nov. (VP), illegitimate name	(Zhang et al. 2014) Vandamme et al. 2015	The genus name <i>Verticia<i/> Vandamme et al. 2015 is illegitimate because it is a later homonym of the insect genus name <i>Verticia</i> Malloch 1927		XH089, DSM 27279, JCM 19223	794943	793284
Vibrio	cyclotrophicus		51:65*	orthographically incorrect name	Hedlund and Staley 2001		1		785148	782999
Vibrio	shiloi		51:1387*	orthographically incorrect name	Kushmaro et al. 2001		1, n		785173	783017
Virgosporangium			51:1814*	orthographically incorrect name	Tamura et al. 2001				517385	516901
Virgosporangium	aurantiacum		51:1815*	orthographically incorrect name	Tamura et al. 2001		1		785181	783055
Virgosporangium	ochraceum		51:1815*	orthographically incorrect name	Tamura et al. 2001		1		785182	783056
Xenorhabdus	japonicus		45:619	orthographically incorrect name	Nishimura et al. 1995		1, n		785212	783164
Xenorhabdus	nematophilus		30:419 (AL)	orthographically incorrect name	(Poinar and Thomas 1965) Thomas and Poinar 1979		1, n		785214	783170
Xenorhabdus	nematophilus	beddingii	36:454*	orthographically incorrect name	Akhurst 1986		1, n		785215	783153
Xenorhabdus	nematophilus	bovienii	33:45*	orthographically incorrect name	Akhurst 1983		1, n		785216	783154
Xenorhabdus	nematophilus	nematophilus	33:45*	orthographically incorrect name	(Poinar and Thomas 1965) Thomas and Poinar 1979	nom. corrig.: IJSEM 50:1691 (<I>Xenorhabdus nematophila</I> subsp. <I>nematophila</I>)	1, n		783174	783170
Xenorhabdus	nematophilus	poinarii	33:45*	orthographically incorrect name	Akhurst 1983		1		785217	783175
Yania			54:530*	gen. nov. (VP), illegitimate name, homotypic syn.	Li et al. 2004 emend. Li et al. 2005				516945	517758
Yania	flava		55:1937*	sp. nov. (VP), illegitimate name	(Li et al. 2005) Li et al. 2008		1	DSM 16377, KCTC 19047, YIM 70178	783194	787190
Yania	halotolerans		54:530*	sp. nov. (VP), illegitimate name	Li et al. 2004		1	CCTCC AA001023, DSM 15476, YIM 70085	783195	787191
Zimmermannella			54:1674*	gen. nov. (VP), illegitimate name	Lin et al. 2004	the genus is a later homotypic synonym of <I>Pseudoclavibacter</I> (the type species <I>Zimmermannella helvola</I> is a later homotypic synonym of <I>Pseudoclavibacter helvolus</I>) and is therefore illegitimate			516950	516415
Zobellia	galactanovorans		51:994*	orthographically incorrect name	Barbeyron et al. 2001		1		785232	783210
